country,favorites,mentions,ganancias
BRASIL,339.90909090909093,6.0,575.0
ECUADOR,186.375,1.0,438.0
MEXICO,294.85714285714283,1.0,650.0
